Address,City,Name,Phone Number,Website,Zip Code,source_url
5 Queen Street,Niagara-on-the-Lake,Niagara Apothecary,nan,http://www.ocpinfo.com,nan,https://members.ocpinfo.com/tcpr/public/pr/en/
312 Queen St E,Brampton,Aim Pharmacy,905-450-0150,https://www.centralwesthealthline.ca/displayService.aspx?id=61028,L6V 1C2,https://www.poidata.io/report/pharmacy/canada/ontario
"2985 Drew Rd, Unit 114",Mississauga,Airport Pharmacy,905-677-2323,https://www.centralwesthealthline.ca/displayService.aspx?id=61123,L4T 0A4,https://www.poidata.io/report/pharmacy/canada/ontario
"1770 Albion Rd, Unit 40",Etobicoke,Albion Drug Store,416-744-4200,https://www.centralwesthealthline.ca/displayService.aspx?id=191933,M9V 1C2,https://www.poidata.io/report/pharmacy/canada/ontario
"1625 Albion Rd, Unit 104",Etobicoke,Albion Health Pharmacy,416-749-9119,https://www.centralwesthealthline.ca/displayService.aspx?id=61114,M9V 5H8,https://www.poidata.io/report/pharmacy/canada/ontario
968 Albion Rd,Etobicoke,Albion Islington Pharmacy,437-918-9207,https://www.centralwesthealthline.ca/displayService.aspx?id=197695,M9V 1A7,https://www.poidata.io/report/pharmacy/canada/ontario
"900 Albion Rd, Unit A1",Etobicoke,Albion Medical Pharmacy,416-740-5500,https://www.centralwesthealthline.ca/displayService.aspx?id=151443,M9V 1A5,https://www.poidata.io/report/pharmacy/canada/ontario
"500 Alder St, Unit 6",Orangeville,Alder Square Pharmacy,519-943-1936,https://www.centralwesthealthline.ca/displayService.aspx?id=222546,L9W 7T6,https://www.poidata.io/report/pharmacy/canada/ontario
"1 Bartley Bull Pkwy, Unit 6",Brampton,Allwell Pharmacy - Brampton,905-450-1277,https://www.centralwesthealthline.ca/displayService.aspx?id=61027,L6W 3T7,https://www.poidata.io/report/pharmacy/canada/ontario
"10930 Goreway Dr, Unit CX2",Brampton,Apex Pharmacy,905-913-8311,https://www.centralwesthealthline.ca/displayService.aspx?id=220207,L6P 4N4,https://www.poidata.io/report/pharmacy/canada/ontario
300 Main St N,Brampton,Astra Care Pharmacy,905-451-7333,https://www.centralwesthealthline.ca/displayService.aspx?id=178313,L6V 4H6,https://www.poidata.io/report/pharmacy/canada/ontario
"40 Finchgate Blvd, Suite 120",Brampton,Bestgate Pharmacy,905-458-0030,https://www.centralwesthealthline.ca/displayService.aspx?id=61042,L6T 3H9,https://www.poidata.io/report/pharmacy/canada/ontario
2683 Islington Ave,Etobicoke,Blossom Pharmacy,647-340-4681,https://www.centralwesthealthline.ca/displayService.aspx?id=176373,M9V 2X7,https://www.poidata.io/report/pharmacy/canada/ontario
"170 McEwan Dr E, Unit 113",Bolton,Bolton Health Pharmacy - Bolton - McEwan Dr,905-951-1020,https://www.centralwesthealthline.ca/displayService.aspx?id=61032,L7E 4C8,https://www.poidata.io/report/pharmacy/canada/ontario
"56 Chesterwood Cres, Unit 4",Brampton,Bonnie Braes Drug Store,905-230-1214,https://www.centralwesthealthline.ca/displayService.aspx?id=169598,L6Y 0Z4,https://www.poidata.io/report/pharmacy/canada/ontario
"900 Peter Robertson Blvd, Unit 15",Brampton,Bramalea BestCare Pharmacy,905-790-2500,https://www.centralwesthealthline.ca/displayService.aspx?id=169600,L6R 1A2,https://www.poidata.io/report/pharmacy/canada/ontario
"7955 Financial Dr, Unit 2B",Brampton,Bramiss Pharmacy,905-460-8877,https://www.centralwesthealthline.ca/displayService.aspx?id=61048,L6Y 0J8,https://www.poidata.io/report/pharmacy/canada/ontario
"3975 Cottrelle Blvd, Unit 12",Brampton,Brampton Community Pharmacy,905-915-8177,https://www.centralwesthealthline.ca/displayService.aspx?id=191603,L6P 2P9,https://www.poidata.io/report/pharmacy/canada/ontario
"9985 McVean Dr, Unit A3",Brampton,Brampton Compounding Pharmacy,905-913-8811,https://www.centralwesthealthline.ca/displayService.aspx?id=174858,L6P 4K8,https://www.poidata.io/report/pharmacy/canada/ontario
"130 Father Tobin Rd, Unit 4",Brampton,Brampton Discount Pharmacy,905-789-0909,https://www.centralwesthealthline.ca/displayService.aspx?id=191605,L6R 3P1,https://www.poidata.io/report/pharmacy/canada/ontario
"5 Brisdale Dr, Unit 103",Brampton,Brisdale Pharmacy,905-840-6555,https://www.centralwesthealthline.ca/displayService.aspx?id=169603,L7A 0S9,https://www.poidata.io/report/pharmacy/canada/ontario
"118 Queen St W, Unit 301",Brampton,CATP - Brampton,905-454-1406,https://www.centralwesthealthline.ca/displayService.aspx?id=61083,L6X 1A5,https://www.poidata.io/report/pharmacy/canada/ontario
"110 Brickyard Way, Unit 6",Brampton,City Drug Mart Pharmacy,905-457-2400,https://www.centralwesthealthline.ca/displayService.aspx?id=61056,L6V 4N1,https://www.poidata.io/report/pharmacy/canada/ontario
8 Taber Rd,Etobicoke,Community Choice Pharmacy - Rexdale,416-746-8260,https://www.centralwesthealthline.ca/displayService.aspx?id=170155,M9W 3A4,https://www.poidata.io/report/pharmacy/canada/ontario
"8990 Chinguacousy Rd, Unit 8",Brampton,Cornerstone Pharmacy,905-450-6500,https://www.centralwesthealthline.ca/displayService.aspx?id=169605,L6Y 5X6,https://www.poidata.io/report/pharmacy/canada/ontario
100 Biscayne Cres,Brampton,Costco Pharmacy - Brampton - Biscayne Cres,905-454-1184,https://www.centralwesthealthline.ca/displayService.aspx?id=61060,L6W 4S1,https://www.poidata.io/report/pharmacy/canada/ontario
2260 Islington Ave,Etobicoke,Costco Pharmacy - Etobicoke,647-805-8711,https://www.centralwesthealthline.ca/displayService.aspx?id=222541,M9W 3W6,https://www.poidata.io/report/pharmacy/canada/ontario
nan,nan,Costco Pharmacy - Prescriptions by Mail,855-622-5656,https://www.centralwesthealthline.ca/displayService.aspx?id=198964,nan,https://www.poidata.io/report/pharmacy/canada/ontario
55 New Huntington Rd,Woodbridge,Costco Pharmacy - Vaughan,289-459-0921 ext 4,https://www.centralwesthealthline.ca/displayService.aspx?id=191959,L4H 4M9,https://www.poidata.io/report/pharmacy/canada/ontario
"2510 Countryside Dr, Unit 14",Brampton,Countryside Drug Mart,905-497-1919 ext 2,https://www.centralwesthealthline.ca/displayService.aspx?id=169606,L6R 3T4,https://www.poidata.io/report/pharmacy/canada/ontario
"56 Queen St N, Unit 1",Bolton,Dayspring Pharmacy,905-857-0777,https://www.centralwesthealthline.ca/displayService.aspx?id=172507,L7E 1B9,https://www.poidata.io/report/pharmacy/canada/ontario
"Lester B Pearson International Airport, Terminal 1, Level 2, EB 2201, 6301 Silver Dart Dr, Unit 104",Mississauga,DrugSmart Pharmacy - Toronto Pearson International Airport,1-844-759-4325,https://www.centralwesthealthline.ca/displayService.aspx?id=176180,L5P 1B2,https://www.poidata.io/report/pharmacy/canada/ontario
"475 Charolais Blvd, Unit B-5",Brampton,Dukh Bhanjan Pharmacy,905-454-3001,https://www.centralwesthealthline.ca/displayService.aspx?id=61064,L6Y 0M2,https://www.poidata.io/report/pharmacy/canada/ontario
55 Dusk Dr,Brampton,Dusk Pharmacy - Brampton,905-291-0417,https://www.centralwesthealthline.ca/displayService.aspx?id=169608,L6Y 5Z6,https://www.poidata.io/report/pharmacy/canada/ontario
"80 Eastern Ave, Unit 2",Brampton,Eastern Pharmacy,905-488-5687,https://www.centralwesthealthline.ca/displayService.aspx?id=199009,L6W 1X9,https://www.poidata.io/report/pharmacy/canada/ontario
"115 Humber College Blvd, Suite 102",Etobicoke,EGH Centre Pharmacy,416-743-0404,https://www.centralwesthealthline.ca/displayService.aspx?id=61137,M9V 0A9,https://www.poidata.io/report/pharmacy/canada/ontario
"Etobicoke Professional Centre, 40 Westmore Dr",Etobicoke,Etobicoke Centre Pharmacy,416-745-3030,https://www.centralwesthealthline.ca/displayService.aspx?id=61138,M9V 4C2,https://www.poidata.io/report/pharmacy/canada/ontario
184 Clarence St,Brampton,Excellent Care Pharmacy - Brampton,905-451-1333,https://www.centralwesthealthline.ca/displayService.aspx?id=169609,L6W 1T3,https://www.poidata.io/report/pharmacy/canada/ontario
105 Father Tobin Rd,Brampton,Father Tobin Pharmacy,905-793-3510,https://www.centralwesthealthline.ca/displayService.aspx?id=61008,L6R 0W9,https://www.poidata.io/report/pharmacy/canada/ontario
"196 Main St S, Unit 2A",Brampton,Flowercity Pharmacy,905-450-2233,https://www.centralwesthealthline.ca/displayService.aspx?id=222504,L6W 2E2,https://www.poidata.io/report/pharmacy/canada/ontario
55 Mountainash Rd,Brampton,Fortinos - Loblaw Pharmacy - Brampton - Mountainash Rd,905-793-8813,https://www.centralwesthealthline.ca/displayService.aspx?id=60961,L6R 1W4,https://www.poidata.io/report/pharmacy/canada/ontario
60 Quarry Edge Dr,Brampton,Fortinos - Loblaw Pharmacy - Brampton - Quarry Edge Dr,905-453-5250,https://www.centralwesthealthline.ca/displayService.aspx?id=60968,L6V 4K2,https://www.poidata.io/report/pharmacy/canada/ontario
35 Worthington Ave,Brampton,Fortinos - Loblaw Pharmacy - Brampton - Worthington Ave,905-495-8123,https://www.centralwesthealthline.ca/displayService.aspx?id=60959,L7A 2Y7,https://www.poidata.io/report/pharmacy/canada/ontario
330 Queens Plate Dr,Etobicoke,Fortinos - Loblaw Pharmacy - Etobicoke - Queens Plate Dr,416-745-2825,https://www.centralwesthealthline.ca/displayService.aspx?id=60973,M9W 7J7,https://www.poidata.io/report/pharmacy/canada/ontario
487 Queen St S,Bolton,Fortinos DRUGStore Pharmacy - Bolton - Queen St S,905-951-7502,https://www.centralwesthealthline.ca/displayService.aspx?id=60970,L7E 2B4,https://www.poidata.io/report/pharmacy/canada/ontario
3998 Cottrelle Blvd,Brampton,FreshCo Pharmacy - Brampton - Cottrelle Blvd,905-794-5756,https://www.centralwesthealthline.ca/displayService.aspx?id=61098,L6P 2R1,https://www.poidata.io/report/pharmacy/canada/ontario
"8405 Financial Dr, Unit 11",Brampton,FreshCo Pharmacy - Brampton - Financial Dr,905-456-1556,https://www.centralwesthealthline.ca/displayService.aspx?id=191636,L6Y 0E3,https://www.poidata.io/report/pharmacy/canada/ontario
"10 Gillingham Dr, Unit 110B",Brampton,Gillingham Pharmacy,905-459-7800,https://www.centralwesthealthline.ca/displayService.aspx?id=61067,L6X 5A5,https://www.poidata.io/report/pharmacy/canada/ontario
"Brandon Gate Plaza, 4025 Brandon Gate Dr",Mississauga,Good Luck Pharmacy,905-672-8008,https://www.centralwesthealthline.ca/displayService.aspx?id=61126,L4T 3Z9,https://www.poidata.io/report/pharmacy/canada/ontario
"8730 The Gore Rd, Unit C",Brampton,Gore Queen Pharmacy,905-913-2680,https://www.centralwesthealthline.ca/displayService.aspx?id=191642,L6P 0B1,https://www.poidata.io/report/pharmacy/canada/ontario
7330 Goreway Dr,Mississauga,Goreway Medical Pharmacy - Mississauga - 7330 Goreway Dr,905-671-3784,https://www.centralwesthealthline.ca/displayService.aspx?id=61128,L4T 4J2,https://www.poidata.io/report/pharmacy/canada/ontario
"1 Wexford Rd, Unit 5",Brampton,Greencross Pharmacy,905-840-7133,https://www.centralwesthealthline.ca/displayService.aspx?id=61068,L6Z 2W1,https://www.poidata.io/report/pharmacy/canada/ontario
"Royal Courtyards, Lower Level, 18 King St E, Unit M1",Bolton,Guardian Pharmacy - Bolton - King St E (Leggett and Smith Pharmacy),905-857-1474,https://www.centralwesthealthline.ca/displayService.aspx?id=111955,L7E 1E8,https://www.poidata.io/report/pharmacy/canada/ontario
11670 Hurontario St,Brampton,Guardian Pharmacy - Brampton - 11670 Hurontario St (Brinkley Pharmacy),905-495-5050,https://www.centralwesthealthline.ca/displayService.aspx?id=191607,L7A 1R2,https://www.poidata.io/report/pharmacy/canada/ontario
630 Peter Robertson Blvd,Brampton,Guardian Pharmacy - Brampton - 630 Peter Robertson Blvd (Springdale Pharmacy),905-790-6800,https://www.centralwesthealthline.ca/displayService.aspx?id=61002,L6R 1T4,https://www.poidata.io/report/pharmacy/canada/ontario
"7700 Hurontario St, Unit 202",Brampton,Guardian Pharmacy - Brampton - 7700 Hurontario St (Morelli's Pharmacy),905-459-9667,https://www.centralwesthealthline.ca/displayService.aspx?id=60995,L6Y 4M3,https://www.poidata.io/report/pharmacy/canada/ontario
"15 Ashby Field Rd, Units 5-6",Brampton,Guardian Pharmacy - Brampton - Ashby Field Rd (Spring Valley Pharmacy),905-450-6444,https://www.centralwesthealthline.ca/displayService.aspx?id=111971,L6X 3B7,https://www.poidata.io/report/pharmacy/canada/ontario
"700 Balmoral Dr, Unit 13",Brampton,Guardian Pharmacy - Brampton - Balmoral Dr (Southgate Pharmacy),905-790-8860,https://www.centralwesthealthline.ca/displayService.aspx?id=61003,L6T 1X2,https://www.poidata.io/report/pharmacy/canada/ontario
225 Castle Oaks Crossing,Brampton,Guardian Pharmacy - Brampton - Castle Oaks Crossing (Castle Oaks Pharmacy),905-794-2255,https://www.centralwesthealthline.ca/displayService.aspx?id=150886,L6P 3X3,https://www.poidata.io/report/pharmacy/canada/ontario
"147 Clarence St, Unit 30",Brampton,Guardian Pharmacy - Brampton - Clarence St (Nathan Pharmacy),905-497-6500,https://www.centralwesthealthline.ca/displayService.aspx?id=61086,L6W 1T2,https://www.poidata.io/report/pharmacy/canada/ontario
"1975 Cottrelle Blvd, Unit 5",Brampton,Guardian Pharmacy - Brampton - Cottrelle Blvd (Valley Creek Pharmacy),905-794-1001,https://www.centralwesthealthline.ca/displayService.aspx?id=61009,L6P 2Z8,https://www.poidata.io/report/pharmacy/canada/ontario
"9715 James Potter Rd, Unit 101",Brampton,Guardian Pharmacy - Brampton - James Potter Rd (James Potter Pharmacy),905-456-0800,https://www.centralwesthealthline.ca/displayService.aspx?id=169612,L6X 3B9,https://www.poidata.io/report/pharmacy/canada/ontario
"1455 Mayfield Rd, Unit A1",Brampton,Guardian Pharmacy - Brampton - Mayfield Rd (Upper Mount Guardian Pharmacy),905-495-2002,https://www.centralwesthealthline.ca/displayService.aspx?id=213044,L7A 5G6,https://www.poidata.io/report/pharmacy/canada/ontario
"164 Queen St E, Unit 105",Brampton,Guardian Pharmacy - Brampton - Queen St E (Pharma Center Pharmacy),905-454-3200,https://www.centralwesthealthline.ca/displayService.aspx?id=60981,L6V 1B4,https://www.poidata.io/report/pharmacy/canada/ontario
192 Queen St W,Brampton,Guardian Pharmacy - Brampton - Queen St W (Downtown Brampton Pharmacy),905-874-0000,https://www.centralwesthealthline.ca/displayService.aspx?id=191630,L6X 1A8,https://www.poidata.io/report/pharmacy/canada/ontario
"20 Rivermont Rd, Unit B8-B9",Brampton,Guardian Pharmacy - Brampton - Rivermont Rd (Rivermont Pharmacy),905-455-7289,https://www.centralwesthealthline.ca/displayService.aspx?id=196752,L6Y 6G7,https://www.poidata.io/report/pharmacy/canada/ontario
"373 Steeles Ave W, Units 6-7",Brampton,Guardian Pharmacy - Brampton - Steeles Ave (Sheridan Pharmay),905-453-8555,https://www.centralwesthealthline.ca/displayService.aspx?id=61073,L6Y 0P8,https://www.poidata.io/report/pharmacy/canada/ontario
"611 Wanless Dr, Unit 1",Brampton,Guardian Pharmacy - Brampton - Wanless Dr (Storybrook Pharmacy),905-840-9994,https://www.centralwesthealthline.ca/displayService.aspx?id=169765,L7A 3Y6,https://www.poidata.io/report/pharmacy/canada/ontario
"15771 Airport Rd, Unit 1",Caledon,Guardian Pharmacy - Caledon - Airport Rd (Caledon East Pharmacy),905-584-2238,https://www.centralwesthealthline.ca/displayService.aspx?id=111951,L7C 1K2,https://www.poidata.io/report/pharmacy/canada/ontario
"8077 Islington Ave, Unit 101",Woodbridge,Guardian Pharmacy - Woodbridge - Islington Ave (Pine Grove Pharmacy),905-850-1111,https://www.centralwesthealthline.ca/displayService.aspx?id=191961,L4L 7X7,https://www.poidata.io/report/pharmacy/canada/ontario
"5283 Rutherford Rd, Unit 2",Woodbridge,Guardian Pharmacy - Woodbridge - Rutherford Rd (Rutherford Pharmacy),905-850-9666,https://www.centralwesthealthline.ca/displayService.aspx?id=61016,L4H 2T2,https://www.poidata.io/report/pharmacy/canada/ontario
"150 Yellow Avens Blvd, Unit 3",Brampton,Healthline Pharmacy,905-458-9000,https://www.centralwesthealthline.ca/displayService.aspx?id=61069,L6R 0M5,https://www.poidata.io/report/pharmacy/canada/ontario
230 Sandalwood Pkwy E,Brampton,Heart Lake The Compounding Centre,905-846-3737,https://www.centralwesthealthline.ca/displayService.aspx?id=61001,L6Z 1R3,https://www.poidata.io/report/pharmacy/canada/ontario
167 Woodbridge Ave,Woodbridge,Henderson's Woodbridge Medical Pharmacy,905-851-1109,https://www.centralwesthealthline.ca/displayService.aspx?id=61145,L4L 2S6,https://www.poidata.io/report/pharmacy/canada/ontario
31 Main St N,Brampton,Hooper's Pharmacy - Brampton - Main St,905-451-2453,https://www.centralwesthealthline.ca/displayService.aspx?id=61072,L6X 1M8,https://www.poidata.io/report/pharmacy/canada/ontario
"1780 Albion Rd, Unit 6",Etobicoke,House of Medicine - Etobicoke,416-745-2091,https://www.centralwesthealthline.ca/displayService.aspx?id=222549,M9V 1C1,https://www.poidata.io/report/pharmacy/canada/ontario
"100 Humber College Blvd, Unit 102",Toronto,Humber Green Pharmacy,416-744-3434,https://www.centralwesthealthline.ca/displayService.aspx?id=61140,M9V 5G4,https://www.poidata.io/report/pharmacy/canada/ontario
"30 Martha St, Unit 103",Bolton,IDA Pharmacy - Bolton - Martha St (Bolton Lifecare Pharmacy),905-857-9494,https://www.centralwesthealthline.ca/displayService.aspx?id=61100,L7E 5V1,https://www.poidata.io/report/pharmacy/canada/ontario
10970 Bramalea Rd,Brampton,IDA Pharmacy - Brampton - Bramalea Rd (B and C Pharmacy),289-569-0125,https://www.centralwesthealthline.ca/displayService.aspx?id=178314,L6R 3X1,https://www.poidata.io/report/pharmacy/canada/ontario
"10095 Bramalea Rd, Unit 103",Brampton,IDA Pharmacy - Brampton - Bramalea Rd (Brampton Hospital Pharmacy),905-792-9998,https://www.centralwesthealthline.ca/displayService.aspx?id=61005,L6R 0K1,https://www.poidata.io/report/pharmacy/canada/ontario
305 Charolais Blvd,Brampton,IDA Pharmacy - Brampton - Charolais Blvd (Charolais Pharmacy),905-452-9000,https://www.centralwesthealthline.ca/displayService.aspx?id=60985,L6Y 2R2,https://www.poidata.io/report/pharmacy/canada/ontario
"10990 Chinguacousy Rd, Unit 1",Brampton,IDA Pharmacy - Brampton - Chinguacousy Rd (Pharmaguard Pharmacy),905-846-8912,https://www.centralwesthealthline.ca/displayService.aspx?id=169755,L7A 0P1,https://www.poidata.io/report/pharmacy/canada/ontario
"11210 Creditview Rd, Unit D",Brampton,IDA Pharmacy - Brampton - Creditview Rd (Creditview Pharmacy),905-495-4500,https://www.centralwesthealthline.ca/displayService.aspx?id=191625,L7A 4X3,https://www.poidata.io/report/pharmacy/canada/ontario
"4515 Ebenezer Rd, Unit 110",Brampton,IDA Pharmacy - Brampton - Ebenezer Rd (Gore Pharmacy),905-794-5003,https://www.centralwesthealthline.ca/displayService.aspx?id=61010,L6P 2K7,https://www.poidata.io/report/pharmacy/canada/ontario
"8015 Financial Dr, Unit B2",Brampton,IDA Pharmacy - Brampton - Financial Dr (Copper Ridge),905-453-9003,https://www.centralwesthealthline.ca/displayService.aspx?id=169607,L6Y 0M7,https://www.poidata.io/report/pharmacy/canada/ontario
"25 Gateway Blvd, Units 3-4",Brampton,IDA Pharmacy - Brampton - Gateway Blvd (Gateway Medical Plex Pharmacy),905-799-0032,https://www.centralwesthealthline.ca/displayService.aspx?id=169610,L6T 0H8,https://www.poidata.io/report/pharmacy/canada/ontario
"9300 Goreway Dr, Unit 109",Brampton,IDA Pharmacy - Brampton - Goreway Dr (Goreway Pharmacy),289-748-4200,https://www.centralwesthealthline.ca/displayService.aspx?id=222509,L6P 4N1,https://www.poidata.io/report/pharmacy/canada/ontario
"2 Kennedy Rd S, Unit 7",Brampton,IDA Pharmacy - Brampton - Kennedy Rd (Kennedy Queen Medcare RX Pharmacy),905-455-2929,https://www.centralwesthealthline.ca/displayService.aspx?id=224774,L6W 3E1,https://www.poidata.io/report/pharmacy/canada/ontario
"3068 Mayfield Rd, Units 8-9",Brampton,IDA Pharmacy - Brampton - Mayfield Rd (Mayfield Pharmacare),905-495-3306,https://www.centralwesthealthline.ca/displayService.aspx?id=61006,L6Z 0E3,https://www.poidata.io/report/pharmacy/canada/ontario
9545 Mississauga Rd,Brampton,IDA Pharmacy - Brampton - Mississauga Rd (Upper Mount Pharmacy),nan,https://www.centralwesthealthline.ca/displayService.aspx?id=224302,L6X 0B3,https://www.poidata.io/report/pharmacy/canada/ontario
"2740 North Park Dr, Units 34 and 35",Brampton,IDA Pharmacy - Brampton - North Park Dr (Brampton Lifecare Pharmacy),905-453-4555,https://www.centralwesthealthline.ca/displayService.aspx?id=199007,L6S 0E9,https://www.poidata.io/report/pharmacy/canada/ontario
"860 North Park Dr, Unit 4",Brampton,IDA Pharmacy - Brampton - North Park Dr (North Park Pharmacy),905-458-4490,https://www.centralwesthealthline.ca/displayService.aspx?id=60998,L6S 4N5,https://www.poidata.io/report/pharmacy/canada/ontario
"Village Square Shopping Plaza, 20 Rambler Dr",Brampton,IDA Pharmacy - Brampton - Rambler Dr (St Peter's Pharmacy),905-450-9334,https://www.centralwesthealthline.ca/displayService.aspx?id=60984,L6W 1E2,https://www.poidata.io/report/pharmacy/canada/ontario
"17 Ray Lawson Blvd, Unit 10",Brampton,IDA Pharmacy - Brampton - Ray Lawson (Ray Lawson Pharmacy),905-497-8283,https://www.centralwesthealthline.ca/displayService.aspx?id=169761,L6Y 5L8,https://www.poidata.io/report/pharmacy/canada/ontario
"695 Remembrance Rd, Units 102, 103",Brampton,IDA Pharmacy - Brampton - Remembrance Rd (Ved Lifecare Pharmacy),905-843-3331,https://www.centralwesthealthline.ca/displayService.aspx?id=222543,L7A 5H2,https://www.poidata.io/report/pharmacy/canada/ontario
"27 Ruth Ave, Unit 9A",Brampton,IDA Pharmacy - Brampton - Ruth Ave (Brampton Medical Plex Pharmacy),905-840-7600,https://www.centralwesthealthline.ca/displayService.aspx?id=61050,L6Z 4R2,https://www.poidata.io/report/pharmacy/canada/ontario
"61000 Finch Ave W, Unit E101",Etobicoke,IDA Pharmacy - Etobicoke - Finch Ave (Albion Finch Pharmacy),416-743-2100,https://www.centralwesthealthline.ca/displayService.aspx?id=151442,M9V 0A1,https://www.poidata.io/report/pharmacy/canada/ontario
"2428 Islington Ave, Unit 109",Etobicoke,IDA Pharmacy - Etobicoke - Islington Ave (Islington Pharmacy),416-741-5553,https://www.centralwesthealthline.ca/displayService.aspx?id=151444,M9W 3X8,https://www.poidata.io/report/pharmacy/canada/ontario
"680 Rexdale Blvd, Unit 11",Etobicoke,IDA Pharmacy - Etobicoke - Rexdale Blvd (Rexdale Medical Pharmacy),416-213-1318,https://www.centralwesthealthline.ca/displayService.aspx?id=61115,M9W 0B5,https://www.poidata.io/report/pharmacy/canada/ontario
128 Main St E,Shelburne,IDA Pharmacy - Shelburne - Main St (Caravaggio Drugs),519-925-2729,https://www.centralwesthealthline.ca/displayService.aspx?id=61015,L9V 3M2,https://www.poidata.io/report/pharmacy/canada/ontario
"5451 Hwy 7, Unit 3",Woodbridge,IDA Pharmacy - Woodbridge - Hwy 7 (Woodstream Pharmacy),905-264-8247,https://www.centralwesthealthline.ca/displayService.aspx?id=199120,L4L 0B2,https://www.poidata.io/report/pharmacy/canada/ontario
"40 Innovation Dr, Unit 4",Woodbridge,IDA Pharmacy - Woodbridge - Innovation Dr (Innovation Pharmacy),905-856-5557,https://www.centralwesthealthline.ca/displayService.aspx?id=151438,L4H 0T2,https://www.poidata.io/report/pharmacy/canada/ontario
"53 Woodbridge Ave, Unit 1",Woodbridge,IDA Pharmacy - Woodbridge - Woodbridge Ave (Medbrands Pharmacy),905-850-0634,https://www.centralwesthealthline.ca/displayService.aspx?id=185916,L4L 9K9,https://www.poidata.io/report/pharmacy/canada/ontario
"6175 Hwy 7, Unit 6",Woodbridge,iHealth Centre Pharmacy,416-639-6293,https://www.centralwesthealthline.ca/displayService.aspx?id=170228,L4H 0P6,https://www.poidata.io/report/pharmacy/canada/ontario
"75 Montpelier St, Unit E105",Brampton,Intrepid Health Solutions,905-291-1442,https://www.centralwesthealthline.ca/displayService.aspx?id=222521,L6Y 6H4,https://www.poidata.io/report/pharmacy/canada/ontario
"2304 Islington Ave, Unit 201",Etobicoke,Islington Discount Pharmacy,416-742-2273,https://www.centralwesthealthline.ca/displayService.aspx?id=170168,M9W 3W9,https://www.poidata.io/report/pharmacy/canada/ontario
1 Elizabeth St,Orangeville,Jeffers Pharmacy,519-941-1230,https://www.centralwesthealthline.ca/displayService.aspx?id=61012,L9W 7N7,https://www.poidata.io/report/pharmacy/canada/ontario
1701 Martin Grove Rd,Toronto,John Garland Pharmacy,416-743-3535,https://www.centralwesthealthline.ca/displayService.aspx?id=61141,M9V 4N4,https://www.poidata.io/report/pharmacy/canada/ontario
"2687 Kipling Ave, Unit 9",Etobicoke,Kipling Medical Pharmacy,416-744-8825,https://www.centralwesthealthline.ca/displayService.aspx?id=61119,M9V 5G6,https://www.poidata.io/report/pharmacy/canada/ontario
"2141 Kipling Ave, Unit 5",Etobicoke,Kipling Pharmacy,416-743-8333,https://www.centralwesthealthline.ca/displayService.aspx?id=61116,M9W 4K8,https://www.poidata.io/report/pharmacy/canada/ontario
"456 Vodden St E, Unit 5",Brampton,Lakeridge Pharmacy,905-874-4288,https://www.centralwesthealthline.ca/displayService.aspx?id=61075,L6S 5Y7,https://www.poidata.io/report/pharmacy/canada/ontario
"15 Allan Dr, Unit 9",Bolton,Life Pharmacy,905-857-0040,https://www.centralwesthealthline.ca/displayService.aspx?id=61099,L7E 2B5,https://www.poidata.io/report/pharmacy/canada/ontario
2979 Bovaird Dr E,Brampton,LMC Pharmacy - Brampton,289-801-0551 * 905-595-0560,https://www.centralwesthealthline.ca/displayService.aspx?id=191652,L6S 0C6,https://www.poidata.io/report/pharmacy/canada/ontario
"Westway Plaza, 1723 Kipling Ave, Unit 2B",Etobicoke,LMC Pharmacy - Etobicoke,416-645-3270,https://www.centralwesthealthline.ca/displayService.aspx?id=197467,M9R 4E1,https://www.poidata.io/report/pharmacy/canada/ontario
295 Queen St E,Brampton,Loblaws - Loblaw Pharmacy - Brampton - Queen St E,905-452-9011,https://www.centralwesthealthline.ca/displayService.aspx?id=60963,L6W 3R1,https://www.poidata.io/report/pharmacy/canada/ontario
"423 Wanless Dr, Unit A106",Brampton,Logos Pharmacy,905-495-0099,https://www.centralwesthealthline.ca/displayService.aspx?id=169751,L7A 0N9,https://www.poidata.io/report/pharmacy/canada/ontario
"10 Lormel Gate, Unit 8",Brampton,Lormel Pharmacy,905-846-6800,https://www.centralwesthealthline.ca/displayService.aspx?id=169752,L7A 2K7,https://www.poidata.io/report/pharmacy/canada/ontario
"10886 Hurontario St, Unit 8",Brampton,Main Street Medical Pharmacy - Brampton,905-970-9922,https://www.centralwesthealthline.ca/displayService.aspx?id=61078,L7A 3R9,https://www.poidata.io/report/pharmacy/canada/ontario
"6870 Goreway Dr, Unit 202",Mississauga,Malton Medical Pharmacy - Mississauga - 6870 Goreway Dr,905-678-6870,https://www.centralwesthealthline.ca/displayService.aspx?id=162968,L4V 1P1,https://www.poidata.io/report/pharmacy/canada/ontario
"140 Woodbridge Ave, Unit 28-29",Woodbridge,Market Lane Pharmacy,905-605-2333,https://www.centralwesthealthline.ca/displayService.aspx?id=199116,L4L 4K9,https://www.poidata.io/report/pharmacy/canada/ontario
"537 Van Kirk Dr, Unit 4",Brampton,May-Van Pharmacy,905-495-7550,https://www.centralwesthealthline.ca/displayService.aspx?id=191653,L7A 0P4,https://www.poidata.io/report/pharmacy/canada/ontario
"2880 Queen St E, Unit 7",Brampton,MedBox Rx Pharmacy - Brampton East,905-451-4888,https://www.centralwesthealthline.ca/displayService.aspx?id=220204,L6S 6E8,https://www.poidata.io/report/pharmacy/canada/ontario
1111 Albion Rd,Etobicoke,Medi Plus Pharmacy,416-744-8264,https://www.centralwesthealthline.ca/displayService.aspx?id=61117,M9V 1A9,https://www.poidata.io/report/pharmacy/canada/ontario
"20 Red Maple Dr, Unit 14",Brampton,Medi Plus Pharmacy 003 - Brampton - Red Maple Dr,905-452-7771,https://www.centralwesthealthline.ca/displayService.aspx?id=169753,L6X 4N7,https://www.poidata.io/report/pharmacy/canada/ontario
"178 John St, Unit 107",Brampton,Medi-Place Healthcare Pharmacy,905-451-3500,https://www.centralwesthealthline.ca/displayService.aspx?id=61082,L6W 2A4,https://www.poidata.io/report/pharmacy/canada/ontario
"28 Mill St, Unit 104",Orangeville,MediCrest Pharmacy,519-398-2323,https://www.centralwesthealthline.ca/displayService.aspx?id=222547,L9W 2M3,https://www.poidata.io/report/pharmacy/canada/ontario
195 Broadway,Orangeville,Medione Chafford Pharmacy,519-940-0888,https://www.centralwesthealthline.ca/displayService.aspx?id=222548,L9W 1K2,https://www.poidata.io/report/pharmacy/canada/ontario
"8920 Hwy 50, Unit E6",Brampton,MediOne Fogal Pharmacy,905-915-8777,https://www.centralwesthealthline.ca/displayService.aspx?id=61066,L6P 3A3,https://www.poidata.io/report/pharmacy/canada/ontario
"200 County Court Blvd, Unit C",Brampton,MedRose Pharmacy and Medical Centre,905-451-9119,https://www.centralwesthealthline.ca/displayService.aspx?id=220205,L6W 4L2,https://www.poidata.io/report/pharmacy/canada/ontario
20 Great Lakes Dr,Brampton,Metro Pharmacy - Brampton - Great Lakes Dr,905-789-6464,https://www.centralwesthealthline.ca/displayService.aspx?id=61079,L6R 2K7,https://www.poidata.io/report/pharmacy/canada/ontario
25 Peel Centre Dr,Brampton,Metro Pharmacy - Brampton - Peel Centre Dr,905-793-0600,https://www.centralwesthealthline.ca/displayService.aspx?id=61039,L6T 3R5,https://www.poidata.io/report/pharmacy/canada/ontario
"9886 Torbram Rd, Unit 110",Brampton,MyLocalRx Vantage Pharmacy - Brampton - Torbram Rd,905-863-2227,https://www.centralwesthealthline.ca/displayService.aspx?id=222525,L6S 3L9,https://www.poidata.io/report/pharmacy/canada/ontario
56 Westmore Dr,Etobicoke,New Care Pharmacy - Etobicoke,416-740-6565,https://www.centralwesthealthline.ca/displayService.aspx?id=191946,M9V 3Z7,https://www.poidata.io/report/pharmacy/canada/ontario
70 Clementine Dr,Brampton,No Frills - Loblaw Pharmacy - Brampton - Clementine Dr,905-457-9312,https://www.centralwesthealthline.ca/displayService.aspx?id=60967,L6Y 0L8,https://www.poidata.io/report/pharmacy/canada/ontario
85 Steeles Ave W,Brampton,No Frills - Loblaw Pharmacy - Brampton - Steeles Ave W,905-451-9987,https://www.centralwesthealthline.ca/displayService.aspx?id=60965,L6Y 0K3,https://www.poidata.io/report/pharmacy/canada/ontario
1530 Albion Rd,Toronto,Nofrills DRUGStore Pharmacy - Etobicoke - Albion Rd,416-744-7389,https://www.centralwesthealthline.ca/displayService.aspx?id=60972,M9V 1B4,https://www.poidata.io/report/pharmacy/canada/ontario
"101 2nd Line, RR 1",Shelburne,NoFrills DRUGStore Pharmacy - Shelburne,519-925-0933,https://www.centralwesthealthline.ca/displayService.aspx?id=60977,L9V 3J4,https://www.poidata.io/report/pharmacy/canada/ontario
4-115 Yellow Avens Blvd,Brampton,North Airport Pharmacy,905-789-9977,https://www.centralwesthealthline.ca/displayService.aspx?id=223458,L6R 0M5,https://www.poidata.io/report/pharmacy/canada/ontario
"North Bramalea Medical Centre, 9780 Bramalea Rd",Brampton,North Bramalea Pharmacy,905-791-2453,https://www.centralwesthealthline.ca/displayService.aspx?id=61035,L6S 2P1,https://www.poidata.io/report/pharmacy/canada/ontario
10635 Creditview Rd,Brampton,Northview Pharmacy - Brampton,905-846-3200,https://www.centralwesthealthline.ca/displayService.aspx?id=150888,L7A 3A4,https://www.poidata.io/report/pharmacy/canada/ontario
"955 Bovaird Dr W, Unit 16",Brampton,Olde Town Pharmacy,905-452-6333,https://www.centralwesthealthline.ca/displayService.aspx?id=191657,L6X 5K7,https://www.poidata.io/report/pharmacy/canada/ontario
"170 Lakeview Court, Unit 2",Orangeville,Orange Care Pharmacy - Orangeville - Lakeview Court,519-307-2006,https://www.centralwesthealthline.ca/displayService.aspx?id=151436,L9W 5J7,https://www.poidata.io/report/pharmacy/canada/ontario
"50 Rolling Hills Dr, Unit 5",Orangeville,Orangeville Pharmacy,519-307-8100,https://www.centralwesthealthline.ca/displayService.aspx?id=170166,L9W 6T6,https://www.poidata.io/report/pharmacy/canada/ontario
9025 Torbram Rd,Brampton,Pan Drugs,905-792-3011,https://www.centralwesthealthline.ca/displayService.aspx?id=61087,L6S 3L2,https://www.poidata.io/report/pharmacy/canada/ontario
169 Queen St E,Brampton,Peel Memorial Pharmacy - Brampton - Queen St,905-497-4771,https://www.centralwesthealthline.ca/displayService.aspx?id=191861,L6V 2B2,https://www.poidata.io/report/pharmacy/canada/ontario
"345 Queen St W, Unit 5",Brampton,Peel Pharmacy,905-452-1622,https://www.centralwesthealthline.ca/displayService.aspx?id=61020,L6Y 3A9,https://www.poidata.io/report/pharmacy/canada/ontario
"831 Bovaird Dr W, Unit 26",Brampton,Pendale Pharmacy,905-789-6500,https://www.centralwesthealthline.ca/displayService.aspx?id=191862,L6X 0T9,https://www.poidata.io/report/pharmacy/canada/ontario
106 Humber College Blvd,Toronto,Permanent Drug Mart,416-745-6212,https://www.centralwesthealthline.ca/displayService.aspx?id=61142,M9V 4E4,https://www.poidata.io/report/pharmacy/canada/ontario
140 Woodbridge Ave,Woodbridge,Pharma Centro,905-265-1265,https://www.centralwesthealthline.ca/displayService.aspx?id=61146,L4L 4K9,https://www.poidata.io/report/pharmacy/canada/ontario
"Bolton Medical Centre, 12295 Hwy 50, Suite 201",Bolton,PharmaChoice - Bolton - Hwy 50 (Bolton Compounding Pharmacy),905-857-4332,https://www.centralwesthealthline.ca/displayService.aspx?id=111977,L7E 1M2,https://www.poidata.io/report/pharmacy/canada/ontario
"15 Fandor Way, Unit 1A",Brampton,PharmaChoice - Brampton - Fandor Way (Fandor Pharmacy),905-840-0057,https://www.centralwesthealthline.ca/displayService.aspx?id=191635,L7A 4S2,https://www.poidata.io/report/pharmacy/canada/ontario
"60 Gillingham Dr, Unit 101",Brampton,PharmaChoice - Brampton - Gillingham Dr (Main St Pharmay),905-454-3008,https://www.centralwesthealthline.ca/displayService.aspx?id=61077,L6X 0Z9,https://www.poidata.io/report/pharmacy/canada/ontario
"8917 Gore Rd, Unit 7",Brampton,PharmaChoice - Brampton - Gore Rd (Superhealth Pharmacy),905-794-4470,https://www.centralwesthealthline.ca/displayService.aspx?id=61101,L6P 2L1,https://www.poidata.io/report/pharmacy/canada/ontario
"17 Kings Cross Rd, Unit 4",Brampton,PharmaChoice - Brampton - Kings Cross Rd (Kings Cross Pharmacy),905-799-1788,https://www.centralwesthealthline.ca/displayService.aspx?id=61074,L6T 3V5,https://www.poidata.io/report/pharmacy/canada/ontario
"2945 Sandalwood Pkwy E, Unit 4",Brampton,PharmaChoice - Brampton - Sandalwood Pkwy E (Castlemore Pharmacy),905-791-2550,https://www.centralwesthealthline.ca/displayService.aspx?id=61055,L6R 3J6,https://www.poidata.io/report/pharmacy/canada/ontario
"164 Sandalwood Pkwy E, Unit 200",Brampton,PharmaChoice - Brampton - Sandalwood Pkwy E (UltraCare Specialty Pharmacy),905-495-1110,https://www.centralwesthealthline.ca/displayService.aspx?id=199019,L6Z 3S4,https://www.poidata.io/report/pharmacy/canada/ontario
"50 Sunny Meadow Blvd, Unit 100",Brampton,PharmaChoice - Brampton - Sunny Meadow Blvd (Sunny Meadow Pharmacy),905-497-9594,https://www.centralwesthealthline.ca/displayService.aspx?id=222538,L6R 1X5,https://www.poidata.io/report/pharmacy/canada/ontario
"205 Van Kirk Dr, Unit 12A",Brampton,PharmaChoice - Brampton - Van Kirk Dr (Van Kirk Pharmacy),905-495-9911,https://www.centralwesthealthline.ca/displayService.aspx?id=61105,L7A 3V4,https://www.poidata.io/report/pharmacy/canada/ontario
150 West Dr,Brampton,PharmaChoice - Brampton - West Dr (Healthplex Pharmacy),905-454-7410 ext 2,https://www.centralwesthealthline.ca/displayService.aspx?id=61070,L6T 4P9,https://www.poidata.io/report/pharmacy/canada/ontario
"220 Wexford Rd, Unit 7",Brampton,PharmaChoice - Brampton - Wexford Rd (Medguru Pharmacy),905-450-7111,https://www.centralwesthealthline.ca/displayService.aspx?id=222522,L6Z 4N7,https://www.poidata.io/report/pharmacy/canada/ontario
"12560 Kennedy Rd, Unit 2",Caledon,PharmaChoice - Caledon - Kennedy Rd (Caledon Compounding Pharmacy),905-288-7555,https://www.centralwesthealthline.ca/displayService.aspx?id=222545,L7C 4C4,https://www.poidata.io/report/pharmacy/canada/ontario
"2267 Islington Ave, Unit 6",Etobicoke,PharmaChoice - Etobicoke - Islington Ave (Rexdale Pharma),416-749-6006,https://www.centralwesthealthline.ca/displayService.aspx?id=191943,M9W 3W7,https://www.poidata.io/report/pharmacy/canada/ontario
2291 Kipling Ave,Etobicoke,PharmaChoice - Etobicoke - Kipling Ave (Kipling Heights Pharmacy),416-747-2999,https://www.centralwesthealthline.ca/displayService.aspx?id=170161,M9W 4L6,https://www.poidata.io/report/pharmacy/canada/ontario
"500 Rexdale Blvd, Unit A2",Etobicoke,PharmaChoice - Etobicoke - Rexdale Blvd (Woodbine Pharmacy),416-679-8711,https://www.centralwesthealthline.ca/displayService.aspx?id=61122,M9W 6K5,https://www.poidata.io/report/pharmacy/canada/ontario
23 Main St S,Grand Valley,PharmaChoice - Grand Valley (Grand Valley Drug Store),519-928-3303,https://www.centralwesthealthline.ca/displayService.aspx?id=61014,L9W 5S8,https://www.poidata.io/report/pharmacy/canada/ontario
"2980 Drew Rd, Unit 126",Mississauga,PharmaChoice - Mississauga - Drew Rd (Drewport Pharmacy),905-673-3784,https://www.centralwesthealthline.ca/displayService.aspx?id=61007,L4T 0A7,https://www.poidata.io/report/pharmacy/canada/ontario
8 Queen St N,Bolton,Pharmasave - Bolton - Queen St (Bolton Pharmacy and Health Centre),905-533-7700,https://www.centralwesthealthline.ca/displayService.aspx?id=191929,L7E 1C8,https://www.poidata.io/report/pharmacy/canada/ontario
"2250 Bovaird Dr, Unit 101, 102",Brampton,Pharmasave - Brampton - Bovaird Dr (Bovaird Springdale Pharmacy),905-595-4968,https://www.centralwesthealthline.ca/displayService.aspx?id=61093,L6R 0W3,https://www.poidata.io/report/pharmacy/canada/ontario
"490 Bramalea Rd, Unit 3, Level 1",Brampton,Pharmasave - Brampton - Bramalea Rd (BramQueen Pharmacy),905-451-3644,https://www.centralwesthealthline.ca/displayService.aspx?id=61053,L6T 0G1,https://www.poidata.io/report/pharmacy/canada/ontario
"75 Braydon Blvd, Unit 3",Brampton,Pharmasave - Brampton - Braydon Blvd (Castlemore Medical Pharmacy),905-794-7585,https://www.centralwesthealthline.ca/displayService.aspx?id=61092,L6P 2S4,https://www.poidata.io/report/pharmacy/canada/ontario
"90 Collingwood Ave, Unit 1",Brampton,Pharmasave - Brampton - Collingwood Ave (Huronwood Compounding Pharmacy),905-793-1545,https://www.centralwesthealthline.ca/displayService.aspx?id=222511,L7A 1L7,https://www.poidata.io/report/pharmacy/canada/ontario
"166 Davenfield Circle, Unit 2",Brampton,Pharmasave - Brampton - Davenfield Circle (Nexus Pharmacy and Herbals),905-915-9171,https://www.centralwesthealthline.ca/displayService.aspx?id=191655,L6P 4L9,https://www.poidata.io/report/pharmacy/canada/ontario
"2 Dewside Dr, Units 25-26",Brampton,Pharmasave - Brampton - Dewside Dr (BramNorth Pharmacy),905-792-7333,https://www.centralwesthealthline.ca/displayService.aspx?id=169601,L6R 3Y5,https://www.poidata.io/report/pharmacy/canada/ontario
115 Dufay Rd,Brampton,Pharmasave - Brampton - Dufay Rd (Wellness Point),905-843-7155,https://www.centralwesthealthline.ca/displayService.aspx?id=220235,L7A 0B5,https://www.poidata.io/report/pharmacy/canada/ontario
"8405 Financial Dr, Units 5 and 6",Brampton,Pharmasave - Brampton - Financial Dr (Lionhead Pharmacy),905-456-7866,https://www.centralwesthealthline.ca/displayService.aspx?id=197330,L6Y 1M1,https://www.poidata.io/report/pharmacy/canada/ontario
"275 Gardenbrooke Trail, Unit 110",Brampton,Pharmasave - Brampton - Gardenbrooke Trail (Gardenbrooke Pharmacy),905-913-0045,https://www.centralwesthealthline.ca/displayService.aspx?id=191637,L6P 4M6,https://www.poidata.io/report/pharmacy/canada/ontario
"7910 Hurontario St, Unit 14",Brampton,Pharmasave - Brampton - Hurontario St (Bramcentre Pharmacy),905-497-5177,https://www.centralwesthealthline.ca/displayService.aspx?id=61044,L6Y 0P6,https://www.poidata.io/report/pharmacy/canada/ontario
"131 Kennedy Rd N, Unit 2",Brampton,Pharmasave - Brampton - Kennedy Rd N (Cumberland Pharmacy),905-457-1264,https://www.centralwesthealthline.ca/displayService.aspx?id=61062,L6V 1X9,https://www.poidata.io/report/pharmacy/canada/ontario
"60 Lacoste Blvd, Unit 104",Brampton,Pharmasave - Brampton - Lacoste Blvd (Lacoste Pharmacy),905-794-5551,https://www.centralwesthealthline.ca/displayService.aspx?id=169758,L6P 4B5,https://www.poidata.io/report/pharmacy/canada/ontario
14 Lisa St,Brampton,Pharmasave - Brampton - Lisa St (BramCity Pharmacy),905-460-0330,https://www.centralwesthealthline.ca/displayService.aspx?id=61094,L6T 4W2,https://www.poidata.io/report/pharmacy/canada/ontario
80 Maritime Ontario Blvd,Brampton,Pharmasave - Brampton - Maritime Ontario Blvd (Maritime Pharmacy),905-800-3200,https://www.centralwesthealthline.ca/displayService.aspx?id=220208,L6S 0E7,https://www.poidata.io/report/pharmacy/canada/ontario
"10725 McLaughlin Rd, Unit 3",Brampton,Pharmasave - Brampton - McLaughlin Rd (Potters Wheel Pharmacy),905-846-9666,https://www.centralwesthealthline.ca/displayService.aspx?id=199014,L7A 3E5,https://www.poidata.io/report/pharmacy/canada/ontario
"11615 McVean Dr, Unit 41",Brampton,Pharmasave - Brampton - McVean Dr (MayMc Pharmacy),905-913-5599,https://www.centralwesthealthline.ca/displayService.aspx?id=220206,L6P 4N5,https://www.poidata.io/report/pharmacy/canada/ontario
"100 Pertosa Dr, Suite 101",Brampton,Pharmasave - Brampton - Petrosa Dr (Westbram Pharmasave),905-454-5111,https://www.centralwesthealthline.ca/displayService.aspx?id=61111,L6X 0H9,https://www.poidata.io/report/pharmacy/canada/ontario
"111 Queen St W, Unit 102",Brampton,Pharmasave - Brampton - Queen St (Bramtown Pharmacy),905-291-1881,https://www.centralwesthealthline.ca/displayService.aspx?id=220237,L6Y 2E4,https://www.poidata.io/report/pharmacy/canada/ontario
"645 Remembrance Rd, Unit B103-104",Brampton,Pharmasave - Brampton - Remembrance Rd (Remembrance Pharmacy),905-843-3232,https://www.centralwesthealthline.ca/displayService.aspx?id=222290,L7A 3W3,https://www.poidata.io/report/pharmacy/canada/ontario
"50 Sunnyvale Gate, Unit 11",Brampton,Pharmasave - Brampton - Sunnyvale Gate (Sunnyvale Medical Centre and Pharmacy),647-876-6337,https://www.centralwesthealthline.ca/displayService.aspx?id=191892,L6S 0C4,https://www.poidata.io/report/pharmacy/canada/ontario
"15955 Airport Rd, Suite 102",Caledon,Pharmasave - Caledon - Airport Rd (Gunter Apothecary),905-584-1010,https://www.centralwesthealthline.ca/displayService.aspx?id=61112,L7C 1H9,https://www.poidata.io/report/pharmacy/canada/ontario
"18371 Hurontario St, Unit 5",Caledon Village,Pharmasave - Caledon - Hurontario St (Caledon Pharmacy),519-927-5550,https://www.centralwesthealthline.ca/displayService.aspx?id=199034,L7K 0X7,https://www.poidata.io/report/pharmacy/canada/ontario
12531 Kennedy Rd,Caledon,Pharmasave - Caledon - Kennedy Rd (Southfield's Pharmacy),905-996-2040,https://www.centralwesthealthline.ca/displayService.aspx?id=191931,L7C 3T6,https://www.poidata.io/report/pharmacy/canada/ontario
"15 Brenda Blvd, Units 11-12",Orangeville,Pharmasave - Orangeville - Brenda Blvd (Broadway Pharmacy),519-942-9500,https://www.centralwesthealthline.ca/displayService.aspx?id=61129,L9W 3Y5,https://www.poidata.io/report/pharmacy/canada/ontario
"33A Broadway, Unit 3",Orangeville,Pharmasave - Orangeville - Broadway Ave (Orangeville Urgent Care Pharmacy),519-938-8338,https://www.centralwesthealthline.ca/displayService.aspx?id=170167,L9W 1J7,https://www.poidata.io/report/pharmacy/canada/ontario
"17220 Peel Regional Rd, Hwy 50",Palgrave,Pharmasave - Palgrave - Palgrave Regional Rd (Palgrave Pharmacy),905-583-6979,https://www.centralwesthealthline.ca/displayService.aspx?id=222544,L7E 0L1,https://www.poidata.io/report/pharmacy/canada/ontario
303 Col Phillips Dr,Shelburne,Pharmasave - Shelburne - Col Phillips Dr (Shelburne Pharmacy),519-306-9506,https://www.centralwesthealthline.ca/displayService.aspx?id=220209,L0N 1S1,https://www.poidata.io/report/pharmacy/canada/ontario
"5731 Hwy 7, Unit 15",Woodbridge,Pharmasave - Woodbridge (Alpha Woodbridge Pharmacy),905-264-8040,https://www.centralwesthealthline.ca/displayService.aspx?id=170226,L4L 4Y9,https://www.poidata.io/report/pharmacy/canada/ontario
"3 Brewster Rd, Unit 19",Brampton,Pillway Central - SHG Pharmacy,416-901-1227,https://www.centralwesthealthline.ca/displayService.aspx?id=199013,L6R 0S9,https://www.poidata.io/report/pharmacy/canada/ontario
"6375 Dixie Rd, Unit 6",Mississauga,PocketPills,1-855-950-7225,https://www.centralwesthealthline.ca/displayService.aspx?id=199105,L5T 2E7,https://www.poidata.io/report/pharmacy/canada/ontario
"20 Polonia Ave, Unit 109",Brampton,Polonia Ave Pharmacy,905-460-0505,https://www.centralwesthealthline.ca/displayService.aspx?id=169759,L6Y 0K9,https://www.poidata.io/report/pharmacy/canada/ontario
"68 Bramalea Rd, Unit 6",Brampton,Polycare Pharmacy,905-792-1688,https://www.centralwesthealthline.ca/displayService.aspx?id=191865,L6T 0H2,https://www.poidata.io/report/pharmacy/canada/ontario
"25 Woodstream Blvd, Unit 6",Woodbridge,Pro Pharmacy,905-605-7776,https://www.centralwesthealthline.ca/displayService.aspx?id=191963,L4L 7Y8,https://www.poidata.io/report/pharmacy/canada/ontario
"2257 Islington Ave, Unit 103",Etobicoke,Procare Pharmacy - Etobicoke,416-746-4030,https://www.centralwesthealthline.ca/displayService.aspx?id=151435,M9W 3W6,https://www.poidata.io/report/pharmacy/canada/ontario
"11755 Bramalea Rd, Unit 4",Brampton,Pulse Pharmacy,289-801-8997,https://www.centralwesthealthline.ca/displayService.aspx?id=191864,L6R 3S9,https://www.poidata.io/report/pharmacy/canada/ontario
550 Veterans Dr,Brampton,Pure Health Veterans Compounding Pharmacy,905-843-0070,https://www.centralwesthealthline.ca/displayService.aspx?id=224247,L7A 5M3,https://www.poidata.io/report/pharmacy/canada/ontario
"215 Queen St E, Unit 8",Brampton,Queen Best Pharmacy - Brampton,905-457-7700,https://www.centralwesthealthline.ca/displayService.aspx?id=169760,L6W 0A9,https://www.poidata.io/report/pharmacy/canada/ontario
"284 Queen St E, Unit 116",Brampton,Queen Hansen Pharmacy,905-782-8384,https://www.centralwesthealthline.ca/displayService.aspx?id=191887,L6V 1C2,https://www.poidata.io/report/pharmacy/canada/ontario
157 Queen St E,Brampton,Queen Lynch Pharmacy,905-450-3500,https://www.centralwesthealthline.ca/displayService.aspx?id=61018,L6W 3X4,https://www.poidata.io/report/pharmacy/canada/ontario
79 Queen St W,Brampton,Queen's Plate Pharmacy,289-752-7993,https://www.centralwesthealthline.ca/displayService.aspx?id=61029,L6Y 1M2,https://www.poidata.io/report/pharmacy/canada/ontario
306 Rexdale Blvd,Etobicoke,Quick-Med Pharmacy,416-342-5146,https://www.centralwesthealthline.ca/displayService.aspx?id=61127,M9W 1R6,https://www.poidata.io/report/pharmacy/canada/ontario
"3427 Derry Rd E, Unit 113",Mississauga,QuickPill Pharmacy,905-677-5225,https://www.centralwesthealthline.ca/displayService.aspx?id=191648,L4T 4H7,https://www.poidata.io/report/pharmacy/canada/ontario
"9960 Airport Rd, Unit 2",Brampton,Remedy'sRx Pharmacy - Brampton - Airport Rd (Castlemore West Pharmacy),905-793-8585,https://www.centralwesthealthline.ca/displayService.aspx?id=61054,L6S 0C5,https://www.poidata.io/report/pharmacy/canada/ontario
"4550 Ebenezer Rd, Unit 4",Brampton,Remedy'sRx Pharmacy - Brampton - Ebenezer Rd (Pharma 7 Care),905-794-3500,https://www.centralwesthealthline.ca/displayService.aspx?id=61090,L6P 2R2,https://www.poidata.io/report/pharmacy/canada/ontario
"143 Inspire Blvd, Unit 2",Brampton,Remedy'sRx Pharmacy - Brampton - Inspire Blvd (Health Solutions Plus Pharmacy),905-789-1003,https://www.centralwesthealthline.ca/displayService.aspx?id=191644,L6R 3X9,https://www.poidata.io/report/pharmacy/canada/ontario
"83 Kennedy Rd S, Unit 23",Brampton,Remedy'sRx Pharmacy - Brampton - Kennedy Rd S (Clarence Pharmacy),905-874-1377,https://www.centralwesthealthline.ca/displayService.aspx?id=61057,L6W 3P3,https://www.poidata.io/report/pharmacy/canada/ontario
"36 Vodden St E, Unit 101",Brampton,Remedy'sRx Pharmacy - Brampton - Vodden St (Peace Health Pharmacy),905-451-1114,https://www.centralwesthealthline.ca/displayService.aspx?id=191860,L6V 4H4,https://www.poidata.io/report/pharmacy/canada/ontario
14 Fifth Ave,Orangeville,Remedy'sRx Pharmacy - Orangeville (Fifth Avenue Pharmacy),519-941-9921,https://www.centralwesthealthline.ca/displayService.aspx?id=61130,L9W 1G2,https://www.poidata.io/report/pharmacy/canada/ontario
"515 Riddell Rd, Unit 2",Orangeville,Remedy'sRx Pharmacy - Orangeville (Riddell Park Pharmacy and PCCA Compounding Centre),519-942-9940,https://www.centralwesthealthline.ca/displayService.aspx?id=173052,L9W 6X2,https://www.poidata.io/report/pharmacy/canada/ontario
"Rolling Hills Medical Centre, 140 Rolling Hills Dr",Orangeville,Remedy'sRx Pharmacy - Orangeville (Rolling Hills Pharmacy),519-942-2225,https://www.centralwesthealthline.ca/displayService.aspx?id=61133,L9W 4X9,https://www.poidata.io/report/pharmacy/canada/ontario
405 Queen St S,Bolton,Rexall Pharmacy - Bolton - Queen St S,905-857-3766,https://www.centralwesthealthline.ca/displayService.aspx?id=111974,L7E 2B5,https://www.poidata.io/report/pharmacy/canada/ontario
"Brampton Civic Hospital, 2100 Bovaird Dr",Brampton,Rexall Pharmacy - Brampton - Bovaird Dr (Brampton Civic Hospital),905-790-6308,https://www.centralwesthealthline.ca/displayService.aspx?id=61004,L6R 3J7,https://www.poidata.io/report/pharmacy/canada/ontario
"Greyrose Plaza, 10035 Hurontario St, Units 13-15",Brampton,Rexall Pharmacy - Brampton - Hurontario St,905-840-0660,https://www.centralwesthealthline.ca/displayService.aspx?id=60988,L6Z 0E6,https://www.poidata.io/report/pharmacy/canada/ontario
10425 Kennedy Rd N,Brampton,Rexall Pharmacy - Brampton - Kennedy Rd N (Wellcare Heart Lake Pharmacy),905-846-2828,https://www.centralwesthealthline.ca/displayService.aspx?id=61019,L6Z 0A4,https://www.poidata.io/report/pharmacy/canada/ontario
"Shoppers World, 499 Main St S",Brampton,Rexall Pharmacy - Brampton - Main St S,905-454-1202,https://www.centralwesthealthline.ca/displayService.aspx?id=60987,L6Y 1N7,https://www.poidata.io/report/pharmacy/canada/ontario
"Westbram Plaza, 398 Queen St W",Brampton,Rexall Pharmacy - Brampton - Queen St W,905-459-4758,https://www.centralwesthealthline.ca/displayService.aspx?id=60982,L6X 1B3,https://www.poidata.io/report/pharmacy/canada/ontario
"545 Steeles Ave W, Unit A01",Brampton,Rexall Pharmacy - Brampton - Steeles Ave W,905-453-1625,https://www.centralwesthealthline.ca/displayService.aspx?id=60991,L6Y 4E7,https://www.poidata.io/report/pharmacy/canada/ontario
"Centennial Mall, 227 Vodden St E, Unit 19",Brampton,Rexall Pharmacy - Brampton - Vodden St E,905-457-2955,https://www.centralwesthealthline.ca/displayService.aspx?id=60983,L6V 1N2,https://www.poidata.io/report/pharmacy/canada/ontario
250 Wincott Dr,Etobicoke,Rexall Pharmacy - Etobicoke - Wincott Dr,416-248-1735,https://www.centralwesthealthline.ca/displayService.aspx?id=61011,M9R 2R5,https://www.poidata.io/report/pharmacy/canada/ontario
520 Riddell Rd,Orangeville,Rexall Pharmacy - Orangeville,519-941-3053,https://www.centralwesthealthline.ca/displayService.aspx?id=61013,L9W 5L1,https://www.poidata.io/report/pharmacy/canada/ontario
"1570 Kipling Ave, Unit 4",Etobicoke,Richview Pharmacy,647-349-5566,https://www.centralwesthealthline.ca/displayService.aspx?id=196323,M9R 2Y1,https://www.poidata.io/report/pharmacy/canada/ontario
"305 Royal West Dr, Unit H",Brampton,Royal West Pharmacy,905-459-8700,https://www.centralwesthealthline.ca/displayService.aspx?id=170169,L6X 5K8,https://www.poidata.io/report/pharmacy/canada/ontario
"5 Cherrycrest Dr, Unit 3",Brampton,RxHealthMed - Brampton - Cherrycrest Dr (Riverstone Pharmacy),905-915-8388,https://www.centralwesthealthline.ca/displayService.aspx?id=169763,L6P 3W4,https://www.poidata.io/report/pharmacy/canada/ontario
"9990 The Gore Rd, Unit 104",Brampton,RxHealthMed - Brampton - Gore Rd (Evergreen Pharmacy),289-801-0055,https://www.centralwesthealthline.ca/displayService.aspx?id=187692,L6P 0A7,https://www.poidata.io/report/pharmacy/canada/ontario
"320 Main St N, Unit 12",Brampton,RxHealthMed - Brampton - Main Street North (Vodden Medical Arts Pharmacy),905-455-3381,https://www.centralwesthealthline.ca/displayService.aspx?id=61017,L6V 4A3,https://www.poidata.io/report/pharmacy/canada/ontario
"1620 Albion Rd, Unit 106",Etobicoke,RxHealthMed - Etobicoke - Albion Rd (Rexdale Pharmacy),416-913-2002,https://www.centralwesthealthline.ca/displayService.aspx?id=61143,M9V 4B4,https://www.poidata.io/report/pharmacy/canada/ontario
"10510 Torbram Rd, Units D-E",Brampton,Sandalwood Care Pharmacy (Mylocalrx),905-791-6080,https://www.centralwesthealthline.ca/displayService.aspx?id=61091,L6R 3N9,https://www.poidata.io/report/pharmacy/canada/ontario
"170 Sandalwood Pkwy E, Unit 1",Brampton,Sandalwood Medical Pharmacy,905-495-5855,https://www.centralwesthealthline.ca/displayService.aspx?id=61095,L6Z 1Y5,https://www.poidata.io/report/pharmacy/canada/ontario
"375 Howden Blvd, Unit 2",Brampton,SaveOnRx Howden Pharmacy - Brampton - Howden St,905-497-1170,https://www.centralwesthealthline.ca/displayService.aspx?id=191889,L6S 4L6,https://www.poidata.io/report/pharmacy/canada/ontario
"shelburne, ON L9V 2Z4",shelburne,Shelburne Town Pharmacy,519-306-5500,nan,L9V 2Z4,https://www.poidata.io/report/pharmacy/canada/ontario
"2700 Kipling Ave, Etobicoke, ON M9V 4P2",Etobicoke,Shih Pharmacy,416-740-1623,nan,M9V 4P2,https://www.poidata.io/report/pharmacy/canada/ontario
"1 Queensgate Blvd, Bolton, ON L7E 2X7",Bolton,Shoppers Drug Mart - Bolton - Queensgate Blvd,905-857-2031,nan,L7E 2X7,https://www.poidata.io/report/pharmacy/canada/ontario
"10088 McLaughlin Rd, Unit 14, Brampton, ON L7A 2X6",Brampton,Shoppers Drug Mart - Brampton - 10088 McLaughlin Rd,905-846-4444,nan,L7A 2X6,https://www.poidata.io/report/pharmacy/canada/ontario
"10661 Chiguacousy Rd, Bldg C, Brampton, ON L7A 0N5",Brampton,Shoppers Drug Mart - Brampton - 10661 Chinguacousy Rd,905-495-7220,nan,L7A 0N5,https://www.poidata.io/report/pharmacy/canada/ontario
"Holland Christian Homes, 7900 McLaughlin Rd S, Brampton, ON L6Y 5A7",Brampton,Shoppers Drug Mart - Brampton - 7900 McLaughlin Rd S (Holland Christian Homes),905-459-4141,nan,L6Y 5A7,https://www.poidata.io/report/pharmacy/canada/ontario
"8965 Chinguacousy Rd, Brampton, ON L6Y 0J2",Brampton,Shoppers Drug Mart - Brampton - 8965 Chinguacousy Rd,905-454-1620,nan,L6Y 0J2,https://www.poidata.io/report/pharmacy/canada/ontario
"10970 Airport Rd, Unit B, Brampton, ON L6R 0E1",Brampton,Shoppers Drug Mart - Brampton - Airport Rd,905-793-0308,nan,L6R 0E1,https://www.poidata.io/report/pharmacy/canada/ontario
"Avondale Shopping Centre, 34 Avondale Blvd, Unit A, Brampton, ON L6T 1H3",Brampton,Shoppers Drug Mart - Brampton - Avondale Blvd,905-793-4444,nan,L6T 1H3,https://www.poidata.io/report/pharmacy/canada/ontario
"10665 Bramalea Rd, Brampton, ON L6R 3P4",Brampton,Shoppers Drug Mart - Brampton - Bramalea Rd,905-793-2011,nan,L6R 3P4,https://www.poidata.io/report/pharmacy/canada/ontario
"Northgate Plaza, 980 Central Park Dr, Brampton, ON L6S 3L7",Brampton,Shoppers Drug Mart - Brampton - Central Park Dr,905-791-1797,nan,L6S 3L7,https://www.poidata.io/report/pharmacy/canada/ontario
"520 Charolais Blvd, Brampton, ON L6Y 0R5",Brampton,Shoppers Drug Mart - Brampton - Charolais Blvd,905-451-5275,nan,L6Y 0R5,https://www.poidata.io/report/pharmacy/canada/ontario
"Building B, 3938 Cottrelle Blvd, Brampton, ON L6P 2R1",Brampton,Shoppers Drug Mart - Brampton - Cottrelle Blvd,905-794-7071,nan,L6P 2R1,https://www.poidata.io/report/pharmacy/canada/ontario
"25 Great Lakes Dr, Brampton, ON L6R 2S5",Brampton,Shoppers Drug Mart - Brampton - Great Lakes Dr,905-799-0414,nan,L6R 2S5,https://www.poidata.io/report/pharmacy/canada/ontario
"11965 Hurontario St, Brampton, ON L6Z 4P7",Brampton,Shoppers Drug Mart - Brampton - Hurontario St,905-495-0311,nan,L6Z 4P7,https://www.poidata.io/report/pharmacy/canada/ontario
"1 Kennedy Rd S, Brampton, ON L6W 3C9",Brampton,Shoppers Drug Mart - Brampton - Kennedy Rd S,905-454-4464,nan,L6W 3C9,https://www.poidata.io/report/pharmacy/canada/ontario
"Kings Point Plaza, 366 Main St N, Brampton, ON L6V 1P8",Brampton,Shoppers Drug Mart - Brampton - Main St N,905-456-0167,nan,L6V 1P8,https://www.poidata.io/report/pharmacy/canada/ontario
"Brampton Shopping Centre, 160 Main St S, Unit 2, Brampton, ON L6W 2E1",Brampton,Shoppers Drug Mart - Brampton - Main St S,905-451-0111,nan,L6W 2E1,https://www.poidata.io/report/pharmacy/canada/ontario
"Springdale Square, 49 Mountainash Rd, Brampton, ON L6R 1W4",Brampton,Shoppers Drug Mart - Brampton - Mountainash Rd,905-458-5526,nan,L6R 1W4,https://www.poidata.io/report/pharmacy/canada/ontario
"Mackay Plaza, 930 North Park Dr, Brampton, ON L6S 3Y5",Brampton,Shoppers Drug Mart - Brampton - North Park Dr,905-792-3800,nan,L6S 3Y5,https://www.poidata.io/report/pharmacy/canada/ontario
"Bramalea City Centre, 25 Peel Centre Dr, Unit 379, Brampton, ON L6T 3R5",Brampton,Shoppers Drug Mart - Brampton - Peel Centre Dr,905-793-4844 * 905-793-4843,nan,L6T 3R5,https://www.poidata.io/report/pharmacy/canada/ontario
"Heart Lake Town Centre, 180 Sandalwood Pkwy E, Brampton, ON L6Z 1Y4",Brampton,Shoppers Drug Mart - Brampton - Sandalwood Pkwy E,905-846-4700,nan,L6Z 1Y4,https://www.poidata.io/report/pharmacy/canada/ontario
"Albion Mall, 1530 Albion Rd, Etobicoke, ON M9V 1B4",Etobicoke,Shoppers Drug Mart - Etobicoke - 1530 Albion Rd,416-741-7711,nan,M9V 1B4,https://www.poidata.io/report/pharmacy/canada/ontario
"Bostock Plaza, 900 Albion Rd, Bldg A, Unit 1, Etobicoke, ON M9V 1A5",Etobicoke,Shoppers Drug Mart - Etobicoke - 900 Albion Rd,416-741-2430,nan,M9V 1A5,https://www.poidata.io/report/pharmacy/canada/ontario
"Westway Plaza, 1735 Kipling Ave, Unit 2, Etobicoke, ON M9R 2Y8",Etobicoke,Shoppers Drug Mart - Etobicoke - Kipling Ave,416-247-8757,nan,M9R 2Y8,https://www.poidata.io/report/pharmacy/canada/ontario
"Rexdale Plaza, 123 Rexdale Blvd, Etobicoke, ON M9W 1P1",Etobicoke,Shoppers Drug Mart - Etobicoke - Rexdale Blvd,416-743-1645,nan,M9W 1P1,https://www.poidata.io/report/pharmacy/canada/ontario
"Martinway Plaza, 415 The Westway, Block A, Unit 1, Etobicoke, ON M9R 1H5",Etobicoke,Shoppers Drug Mart - Etobicoke - The Westway,416-249-8344,nan,M9R 1H5,https://www.poidata.io/report/pharmacy/canada/ontario
"Westwood Mall, 7205 Goreway Dr, Mississauga, ON L4T 2T9",Mississauga,Shoppers Drug Mart - Mississauga - Goreway Dr,905-677-7181,nan,L4T 2T9,https://www.poidata.io/report/pharmacy/canada/ontario
"25 Broadway Ave, Orangeville, ON L9W 1J6",Orangeville,Shoppers Drug Mart - Orangeville - 25 Broadway Ave,519-941-2900,nan,L9W 1J6,https://www.poidata.io/report/pharmacy/canada/ontario
"489 Broadway, Orangeville, ON L9W 0A4",Orangeville,Shoppers Drug Mart - Orangeville - 489 Broadway,519-941-8986,nan,L9W 0A4,https://www.poidata.io/report/pharmacy/canada/ontario
"Orangeville Mall, 150 First St, Unit F",Orangeville,Shoppers Drug Mart - Orangeville - First St,519-941-8040,https://www.centralwesthealthline.ca/displayService.aspx?id=61051,L9W 3T7,https://www.poidata.io/report/pharmacy/canada/ontario
"Woodbridge Mall, 5694 Hwy 7 W, Unit 1",Woodbridge,Shoppers Drug Mart - Woodbridge - Hwy 7,905-856-9964,https://www.centralwesthealthline.ca/displayService.aspx?id=61031,L4L 1T8,https://www.poidata.io/report/pharmacy/canada/ontario
"Conestoga Square, 380 Bovaird Dr E, Unit 26",Brampton,Shoppers Simply Pharmacy - Brampton - 380 Bovaird Dr E,905-495-0011,https://www.centralwesthealthline.ca/displayService.aspx?id=61058,L6Z 2S8,https://www.poidata.io/report/pharmacy/canada/ontario
"1525 Albion Rd, Unit 104",Etobicoke,Shoppers Simply Pharmacy - Etobicoke - Albion Rd,416-746-2000,https://www.centralwesthealthline.ca/displayService.aspx?id=61136,M9V 5G5,https://www.poidata.io/report/pharmacy/canada/ontario
3530 Derry Rd E,Mississauga,Shoppers Simply Pharmacy - Mississauga - Derry Rd,905-673-5833,https://www.centralwesthealthline.ca/displayService.aspx?id=61124,L4T 4E3,https://www.poidata.io/report/pharmacy/canada/ontario
"2200 Martin Grove Rd, Unit 5",Etobicoke,Silverstone Pharmacy,416-740-0040,https://www.centralwesthealthline.ca/displayService.aspx?id=151445,M9V 5H9,https://www.poidata.io/report/pharmacy/canada/ontario
500 Riddell Rd,Orangeville,Sobeys Pharmacy - Orangeville,519-941-0998,https://www.centralwesthealthline.ca/displayService.aspx?id=61134,L9W 5L1,https://www.poidata.io/report/pharmacy/canada/ontario
"10 Squire Ellis Dr, Unit 15-16",Brampton,Squire Ellis Pharmacy,905-789-0007,https://www.centralwesthealthline.ca/displayService.aspx?id=191891,L6P 4K6,https://www.poidata.io/report/pharmacy/canada/ontario
"25 Woodbine Downs Blvd, Unit 9",Etobicoke,SRx Pharmacy - Etobicoke - Woodbine Downs,416-674-0300,https://www.centralwesthealthline.ca/displayService.aspx?id=191944,M9W 6N5,https://www.poidata.io/report/pharmacy/canada/ontario
50 Skyharbour Dr,Brampton,St George Pharmacy - Brampton - Skyharbour Dr,905-813-6886 ext 1,https://www.centralwesthealthline.ca/displayService.aspx?id=187645,L6Y 0C1,https://www.poidata.io/report/pharmacy/canada/ontario
"15 Beaumaris Dr, Unit 3",Brampton,St Joseph Wellcare Pharmacy,905-793-9155,https://www.centralwesthealthline.ca/displayService.aspx?id=222533,L6T 0J3,https://www.poidata.io/report/pharmacy/canada/ontario
"8290 Hwy 27, Unit 8",Woodbridge,The Patient Care Pharmacy,905-605-8282,https://www.centralwesthealthline.ca/displayService.aspx?id=170165,L4H 0S1,https://www.poidata.io/report/pharmacy/canada/ontario
332 Main St,Brampton,Thistle Pharmacy,905-453-8141,https://www.centralwesthealthline.ca/displayService.aspx?id=61102,L6V 1P8,https://www.poidata.io/report/pharmacy/canada/ontario
1090 Peter Robertson Blvd,Brampton,Torbram Pharmacy,905-799-8888,https://www.centralwesthealthline.ca/displayService.aspx?id=222539,L6R 3B3,https://www.poidata.io/report/pharmacy/canada/ontario
"7500 Bath Rd, Suite B",Mississauga,TriMD Pharmacy,905-970-8936,https://www.centralwesthealthline.ca/displayService.aspx?id=220238,L4T 1L2,https://www.poidata.io/report/pharmacy/canada/ontario
"31 Steeplebush Ave, Unit 4",Brampton,Ultra Med Pharmacy,905-488-0083,https://www.centralwesthealthline.ca/displayService.aspx?id=61104,L6R 3B4,https://www.poidata.io/report/pharmacy/canada/ontario
"5 Yorkland Blvd, Unit 4",Brampton,VanRose Medical Centre and Pharmacy,289-748-2444,https://www.centralwesthealthline.ca/displayService.aspx?id=220210,L6P 4B4,https://www.poidata.io/report/pharmacy/canada/ontario
"51 McMurchy Ave S, Unit 3",Brampton,Vcare Compounding Pharmacy - Brampton - McMurchy Ave S,905-454-2000,https://www.centralwesthealthline.ca/displayService.aspx?id=169754,L6Y 1Y5,https://www.poidata.io/report/pharmacy/canada/ontario
"Earlsbridge Plaza, 10 Earlsbridge Blvd, Unit 5",Brampton,Vital Rx Pharmacy,905-846-4411,https://www.centralwesthealthline.ca/displayService.aspx?id=61106,L7A 3P1,https://www.poidata.io/report/pharmacy/canada/ontario
"389 Main St N, Unit 7",Brampton,Vodden MD Pharmacy,905-451-5900,https://www.centralwesthealthline.ca/displayService.aspx?id=61107,L6X 1N7,https://www.poidata.io/report/pharmacy/canada/ontario
150 McEwan Dr E,Bolton,Walmart Pharmacy - Bolton (Bolton Supercentre),905-857-3998,https://www.centralwesthealthline.ca/displayService.aspx?id=61034,L7E 2Y3,https://www.poidata.io/report/pharmacy/canada/ontario
30 Coventry Rd,Brampton,Walmart Pharmacy - Brampton - Coventry Rd (Brampton East Supercentre),905-793-9248,https://www.centralwesthealthline.ca/displayService.aspx?id=61109,L6T 5P9,https://www.poidata.io/report/pharmacy/canada/ontario
5085 Mayfield Rd,Brampton,Walmart Pharmacy - Brampton - Mayfield Rd (Brampton Northeast Supercentre),905-793-8518,https://www.centralwesthealthline.ca/displayService.aspx?id=61049,L6R 3S9,https://www.poidata.io/report/pharmacy/canada/ontario
9455 Mississauga Rd,Brampton,Walmart Pharmacy - Brampton - Mississauga Rd (Brampton West Supercentre),905-451-4718,https://www.centralwesthealthline.ca/displayService.aspx?id=61110,L6X 0Z8,https://www.poidata.io/report/pharmacy/canada/ontario
50 Quarry Edge Dr,Brampton,Walmart Pharmacy - Brampton - Quarry Edge Dr (Brampton North Supercentre),905-874-9340,https://www.centralwesthealthline.ca/displayService.aspx?id=61108,L6V 4K2,https://www.poidata.io/report/pharmacy/canada/ontario
15 Resolution Dr,Brampton,Walmart Pharmacy - Brampton - Resolution Dr (Brampton South Supercentre),905-452-9126,https://www.centralwesthealthline.ca/displayService.aspx?id=61131,L6W 0A6,https://www.poidata.io/report/pharmacy/canada/ontario
"Rexdale Supercentre, 2245 Islington Ave",Etobicoke,Walmart Pharmacy - Etobicoke - Islington Ave (Rexdale Supercentre),416-747-6499 - Pharmacy: press 1,https://www.centralwesthealthline.ca/displayService.aspx?id=61132,M9W 3W6,https://www.poidata.io/report/pharmacy/canada/ontario
95 First St,Orangeville,Walmart Pharmacy - Orangeville (Orangeville Supercentre),519-940-9558,https://www.centralwesthealthline.ca/displayService.aspx?id=61135,L9W 2E8,https://www.poidata.io/report/pharmacy/canada/ontario
8300 Hwy 27,Woodbridge,Walmart Pharmacy - Woodbridge - Hwy 27 (Woodbridge Supercentre),905-851-3894,https://www.centralwesthealthline.ca/displayService.aspx?id=61148,L4H 0R9,https://www.poidata.io/report/pharmacy/canada/ontario
"230 Wanless Dr, Unit 1",Brampton,Wanless Compounding Pharmacy,905-846-9200,https://www.centralwesthealthline.ca/displayService.aspx?id=220226,L7A 0X1,https://www.poidata.io/report/pharmacy/canada/ontario
"6655 Airport Rd, Unit C",Mississauga,Well.ca Pharmacy East - Mississauga,905-672-4576,https://www.centralwesthealthline.ca/displayService.aspx?id=220229,L4V 1V8,https://www.poidata.io/report/pharmacy/canada/ontario
"80 Clementine Dr, Unit 4",Brampton,West Brampton Pharmacy,905-450-0450,https://www.centralwesthealthline.ca/displayService.aspx?id=60997,L6Y 0L8,https://www.poidata.io/report/pharmacy/canada/ontario
6620 Finch Ave W,Etobicoke,Westmore Pharmacy,416-740-0003,https://www.centralwesthealthline.ca/displayService.aspx?id=151447,M9V 5H7,https://www.poidata.io/report/pharmacy/canada/ontario
"75 Montpelier St, Unit 105",Brampton,Whole Health Pharmacy Riverview Heights,289-401-4678 ext 1,https://www.centralwesthealthline.ca/displayService.aspx?id=191894,L6Y 6H4,https://www.poidata.io/report/pharmacy/canada/ontario
"Heritage Mall, 50 4th Ave",Orangeville,Zehrs - Loblaw Pharmacy - Orangeville,519-942-3373,https://www.centralwesthealthline.ca/displayService.aspx?id=60975,L9W 1G7,https://www.poidata.io/report/pharmacy/canada/ontario
233 Alden Rd,Markham,Bayshore Express Pharmacy,1-844-561-1254,https://www.centralwesthealthline.ca/displayService.aspx?id=150827,L4R 3W6,https://www.poidata.io/report/pharmacy/canada/ontario
266 Donlands Ave,Toronto,Blair Court Pharmacy,416-423-9113,https://www.centralwesthealthline.ca/displayService.aspx?id=150721,M4J 3R4,https://www.poidata.io/report/pharmacy/canada/ontario
424 Dawes Rd,Toronto,Dawes Drug Mart,416-757-2242,https://www.centralwesthealthline.ca/displayService.aspx?id=150819,M4B 2E9,https://www.poidata.io/report/pharmacy/canada/ontario
"8585 Hwy 27, RR 3",Woodbridge,Fortinos - Loblaw Pharmacy - Woodbridge,905-851-8063,https://www.centralwesthealthline.ca/displayService.aspx?id=191960,L4L 1A7,https://www.poidata.io/report/pharmacy/canada/ontario
"4218 Lawrence Ave E, Unit 4",Toronto,Pharmasave - Scarborough - 4218 Lawrence Ave E,416-284-4741,https://www.centralwesthealthline.ca/displayService.aspx?id=150276,M1E 4X9,https://www.poidata.io/report/pharmacy/canada/ontario
5576 Yonge St,Toronto,Shoppers Drug Mart - North York - 5576 Yonge St,nan,https://www.centralhealthline.ca/displayservice.aspx?id=151037,nan,https://www.rexall.ca/
"110 Copper Creek Dr, Ste 100",Markham,Shoppers Drug Mart - Woodbridge - 4000 Hwy 7,nan,https://www.centralhealthline.ca/displayservice.aspx?id=151767,nan,https://www.rexall.ca/
946 Lawrence Ave E,Toronto,Shoppers Drug Mart - North York - 946 Lawrence Ave E,nan,https://www.centralhealthline.ca/displayservice.aspx?id=151526,nan,https://www.rexall.ca/
10620 Yonge St,Richmond Hill,Shoppers Drug Mart - Richmond Hill - 10620 Yonge St,nan,https://www.centralhealthline.ca/displayservice.aspx?id=131615,nan,https://www.rexall.ca/
7060 Warden Ave,Markham,Shoppers Drug Mart - Markham - 7060 Warden Ave,nan,https://www.centralhealthline.ca/displayservice.aspx?id=130840,nan,https://www.rexall.ca/
770 Lawrence Ave W,Toronto,Shoppers Drug Mart - North York - 770 Lawrence Ave W,nan,https://www.centralhealthline.ca/displayservice.aspx?id=131612,nan,https://www.rexall.ca/
6579 Hwy 7,Markham,Shoppers Drug Mart - Markham - 6579 Hwy 7,nan,https://www.centralhealthline.ca/displayservice.aspx?id=131604,nan,https://www.rexall.ca/
14729 Yonge St,Aurora,Shoppers Drug Mart - Aurora - 14729 Yonge St,nan,https://www.centralhealthline.ca/displayservice.aspx?id=150199,nan,https://www.rexall.ca/
125 The Queensway,Toronto,Shoppers Drug Mart - Etobicoke - 125 The Queensway,nan,https://www.centralhealthline.ca/displayservice.aspx?id=120758,nan,https://www.rexall.ca/
672 Brant St.,Burlington,Brant Arts IDA Pharmacy & Home Health Care Centre,(905) 637-3833,https://brantarts.ca/,nan,https://www.loc8nearme.com/ontario/mississauga/pharmacies/
55 Dusk Drive,Brampton,Dusk Ida Pharmacy,905-451-9999,nan,L6Y 5Z6,https://beardandladyinn.com/blogs/news/what-is-an-apothecary
18 Kensington Road,Brampton,Kensington Pharmacy,905-792-3100,nan,L6T 4S5,https://beardandladyinn.com/blogs/news/what-is-an-apothecary
"8975 Mclaughlin Road South, Unit 2",Brampton,McQueen Pharmacy,905-451-9005,nan,L6Y 2C7,https://beardandladyinn.com/blogs/news/what-is-an-apothecary
